"timestamp","model","status","user_input","retrieved_context","llm_suggestion"
"2025-04-12 01:02:13","meta-llama/llama-4-scout-17b-16e-instruct","ACCEPTED","/*\nFetch those data of employees \nwhose salary is greater than 15,000 and \nthey live in Pune\n*/","Prompt: Find the names and positions of employees who earn more than the average salary?\nSQL: SELECT name, position FROM employee_salaries WHERE salary > (SELECT avg_salary FROM avg_salary);\nExplanation: This query first creates a view 'avg_salary' to store the average salary value. Then, it retrieves the names and positions of employees who earn more than the average salary by using a subquery to compare each employee's salary to the average salary stored in the 'avg_salary' view.\nSimilarity Score: 0.9319\n\nPrompt: Update the salary of all employees in the 'IT' department to 90000 in the ""Employees"" table.\nSQL: UPDATE Employees SET salary = 90000.0 WHERE department = 'IT';\nExplanation: This query updates the salary of all employees in the 'IT' department to 90000 in the Employees table. It uses the UPDATE statement with the WHERE clause to filter the records to be updated based on the department column. It sets the salary column to 90000.0 for all records that match the filter criteria.\nSimilarity Score: 0.9678\n\nPrompt: Get the names and salaries of all employees who earn more than the average salary\nSQL: SELECT name, salary FROM employees WHERE salary > (SELECT AVG(salary) FROM employees);\nExplanation: This SQL query retrieves the names and salaries of all employees who earn more than the average salary by selecting the name and salary columns for all records where the salary is greater than the average salary.\nSimilarity Score: 0.9679\n\nPrompt: Get the names and salaries of workers earning more than the average salary\nSQL: SELECT name, salary FROM workers WHERE salary > (SELECT AVG(salary) FROM workers);\nExplanation: This SQL query retrieves the names and salaries of workers earning more than the average salary. It first calculates the average salary for all workers, and then filters the 'workers' table for records with a salary greater than this average.\nSimilarity Score: 0.9699\n\nPrompt: Find the average salary and job title for employees in the ""hr_data"" table\nSQL: SELECT job_title, AVG(salary) as avg_salary FROM hr_data GROUP BY job_title;\nExplanation: This query finds the average salary and job title for employees by grouping the data by job_title and calculating the average salary for each group.\nSimilarity Score: 0.9822","SELECT * FROM employees WHERE salary > 15000 AND city = 'Pune';"
"2025-04-13 01:42:17","meta-llama/llama-4-scout-17b-16e-instruct","ACCEPTED","/*\nFetch those data of employees \nwhose salary is greater than 15,000 and \nthey live in Pune\n*/","","(error generating suggestion)"
"2025-04-13 01:45:30","meta-llama/llama-4-scout-17b-16e-instruct","ACCEPTED","/*\nFetch those data of employees \nwhose salary is greater than 15,000 and \nthey live in Pune\n*/","","(error generating suggestion)"
"2025-04-13 01:47:33","meta-llama/llama-4-scout-17b-16e-instruct","DISMISSED","/*\nFetch those data of employees \nwhose salary is greater than 15,000 and \nthey live in Pune\n*/","","(error generating suggestion)"
"2025-04-13 01:49:56","meta-llama/llama-4-scout-17b-16e-instruct","DISMISSED","/*\nFetch those data of employees \nwhose salary is greater than 15,000 and \nthey live in Pune\n*/","","(error generating suggestion)"
"2025-04-13 01:50:35","meta-llama/llama-4-scout-17b-16e-instruct","ACCEPTED","/*\nFetch those data of employees \nwhose salary is greater than 15,000 and \nthey live in Pune\n*/","Prompt: Find the names and positions of employees who earn more than the average salary?\nSQL: SELECT name, position FROM employee_salaries WHERE salary > (SELECT avg_salary FROM avg_salary);\nExplanation: This query first creates a view 'avg_salary' to store the average salary value. Then, it retrieves the names and positions of employees who earn more than the average salary by using a subquery to compare each employee's salary to the average salary stored in the 'avg_salary' view.\nSimilarity Score: 0.9319\n\nPrompt: Update the salary of all employees in the 'IT' department to 90000 in the ""Employees"" table.\nSQL: UPDATE Employees SET salary = 90000.0 WHERE department = 'IT';\nExplanation: This query updates the salary of all employees in the 'IT' department to 90000 in the Employees table. It uses the UPDATE statement with the WHERE clause to filter the records to be updated based on the department column. It sets the salary column to 90000.0 for all records that match the filter criteria.\nSimilarity Score: 0.9678\n\nPrompt: Get the names and salaries of all employees who earn more than the average salary\nSQL: SELECT name, salary FROM employees WHERE salary > (SELECT AVG(salary) FROM employees);\nExplanation: This SQL query retrieves the names and salaries of all employees who earn more than the average salary by selecting the name and salary columns for all records where the salary is greater than the average salary.\nSimilarity Score: 0.9679\n\nPrompt: Get the names and salaries of workers earning more than the average salary\nSQL: SELECT name, salary FROM workers WHERE salary > (SELECT AVG(salary) FROM workers);\nExplanation: This SQL query retrieves the names and salaries of workers earning more than the average salary. It first calculates the average salary for all workers, and then filters the 'workers' table for records with a salary greater than this average.\nSimilarity Score: 0.9699\n\nPrompt: Find the average salary and job title for employees in the ""hr_data"" table\nSQL: SELECT job_title, AVG(salary) as avg_salary FROM hr_data GROUP BY job_title;\nExplanation: This query finds the average salary and job title for employees by grouping the data by job_title and calculating the average salary for each group.\nSimilarity Score: 0.9822","SELECT * FROM employees WHERE salary > 15000 AND city = 'Pune';"
"2025-04-13 16:17:23","meta-llama/llama-4-scout-17b-16e-instruct","DISMISSED","/*\nFetch those data of employees \nwhose salary is greater than 15,000 and \nthey live in Pune\n*/","","(error generating suggestion)"
"2025-04-13 16:18:31","meta-llama/llama-4-scout-17b-16e-instruct","ACCEPTED","/*\nFetch those data of employees \nwhose salary is greater than 15,000 and \nthey live in Pune\n*/","Prompt: Find the names and positions of employees who earn more than the average salary?\nSQL: SELECT name, position FROM employee_salaries WHERE salary > (SELECT avg_salary FROM avg_salary);\nExplanation: This query first creates a view 'avg_salary' to store the average salary value. Then, it retrieves the names and positions of employees who earn more than the average salary by using a subquery to compare each employee's salary to the average salary stored in the 'avg_salary' view.\nSimilarity Score: 0.9319\n\nPrompt: Update the salary of all employees in the 'IT' department to 90000 in the ""Employees"" table.\nSQL: UPDATE Employees SET salary = 90000.0 WHERE department = 'IT';\nExplanation: This query updates the salary of all employees in the 'IT' department to 90000 in the Employees table. It uses the UPDATE statement with the WHERE clause to filter the records to be updated based on the department column. It sets the salary column to 90000.0 for all records that match the filter criteria.\nSimilarity Score: 0.9678\n\nPrompt: Get the names and salaries of all employees who earn more than the average salary\nSQL: SELECT name, salary FROM employees WHERE salary > (SELECT AVG(salary) FROM employees);\nExplanation: This SQL query retrieves the names and salaries of all employees who earn more than the average salary by selecting the name and salary columns for all records where the salary is greater than the average salary.\nSimilarity Score: 0.9679\n\nPrompt: Get the names and salaries of workers earning more than the average salary\nSQL: SELECT name, salary FROM workers WHERE salary > (SELECT AVG(salary) FROM workers);\nExplanation: This SQL query retrieves the names and salaries of workers earning more than the average salary. It first calculates the average salary for all workers, and then filters the 'workers' table for records with a salary greater than this average.\nSimilarity Score: 0.9699\n\nPrompt: Find the average salary and job title for employees in the ""hr_data"" table\nSQL: SELECT job_title, AVG(salary) as avg_salary FROM hr_data GROUP BY job_title;\nExplanation: This query finds the average salary and job title for employees by grouping the data by job_title and calculating the average salary for each group.\nSimilarity Score: 0.9822","SELECT * FROM employees WHERE salary > 15000 AND city = 'Pune';"
"2025-04-13 17:25:30","meta-llama/llama-4-scout-17b-16e-instruct","ACCEPTED","/*\nFetch those data of employees \nwhose salary is greater than 15,000 and \nthey live in Pune\n*/","Prompt: Find the names and positions of employees who earn more than the average salary?\nSQL: SELECT name, position FROM employee_salaries WHERE salary > (SELECT avg_salary FROM avg_salary);\nExplanation: This query first creates a view 'avg_salary' to store the average salary value. Then, it retrieves the names and positions of employees who earn more than the average salary by using a subquery to compare each employee's salary to the average salary stored in the 'avg_salary' view.\nSimilarity Score: 0.5336\n\nPrompt: Get the names and salaries of all employees who earn more than the average salary\nSQL: SELECT name, salary FROM employees WHERE salary > (SELECT AVG(salary) FROM employees);\nExplanation: This SQL query retrieves the names and salaries of all employees who earn more than the average salary by selecting the name and salary columns for all records where the salary is greater than the average salary.\nSimilarity Score: 0.5163\n\nPrompt: Update the salary of all employees in the 'IT' department to 90000 in the ""Employees"" table.\nSQL: UPDATE Employees SET salary = 90000.0 WHERE department = 'IT';\nExplanation: This query updates the salary of all employees in the 'IT' department to 90000 in the Employees table. It uses the UPDATE statement with the WHERE clause to filter the records to be updated based on the department column. It sets the salary column to 90000.0 for all records that match the filter criteria.\nSimilarity Score: 0.5160\n\nPrompt: Get the names and salaries of workers earning more than the average salary\nSQL: SELECT name, salary FROM workers WHERE salary > (SELECT AVG(salary) FROM workers);\nExplanation: This SQL query retrieves the names and salaries of workers earning more than the average salary. It first calculates the average salary for all workers, and then filters the 'workers' table for records with a salary greater than this average.\nSimilarity Score: 0.5153\n\nPrompt: Find the average salary and job title for employees in the ""hr_data"" table\nSQL: SELECT job_title, AVG(salary) as avg_salary FROM hr_data GROUP BY job_title;\nExplanation: This query finds the average salary and job title for employees by grouping the data by job_title and calculating the average salary for each group.\nSimilarity Score: 0.5088","SELECT * FROM employees WHERE salary > 15000 AND city = 'Pune';"
"2025-04-13 17:26:19","meta-llama/llama-4-scout-17b-16e-instruct","ACCEPTED","/*\nFetch those data of employees \nwhose salary is greater than 15,000 and \nthey live in Pune\n*/","Prompt: Find the names and positions of employees who earn more than the average salary?\nSQL: SELECT name, position FROM employee_salaries WHERE salary > (SELECT avg_salary FROM avg_salary);\nExplanation: This query first creates a view 'avg_salary' to store the average salary value. Then, it retrieves the names and positions of employees who earn more than the average salary by using a subquery to compare each employee's salary to the average salary stored in the 'avg_salary' view.\nSimilarity Score: 0.9319\n\nPrompt: Update the salary of all employees in the 'IT' department to 90000 in the ""Employees"" table.\nSQL: UPDATE Employees SET salary = 90000.0 WHERE department = 'IT';\nExplanation: This query updates the salary of all employees in the 'IT' department to 90000 in the Employees table. It uses the UPDATE statement with the WHERE clause to filter the records to be updated based on the department column. It sets the salary column to 90000.0 for all records that match the filter criteria.\nSimilarity Score: 0.9678\n\nPrompt: Get the names and salaries of all employees who earn more than the average salary\nSQL: SELECT name, salary FROM employees WHERE salary > (SELECT AVG(salary) FROM employees);\nExplanation: This SQL query retrieves the names and salaries of all employees who earn more than the average salary by selecting the name and salary columns for all records where the salary is greater than the average salary.\nSimilarity Score: 0.9679\n\nPrompt: Get the names and salaries of workers earning more than the average salary\nSQL: SELECT name, salary FROM workers WHERE salary > (SELECT AVG(salary) FROM workers);\nExplanation: This SQL query retrieves the names and salaries of workers earning more than the average salary. It first calculates the average salary for all workers, and then filters the 'workers' table for records with a salary greater than this average.\nSimilarity Score: 0.9699\n\nPrompt: Find the average salary and job title for employees in the ""hr_data"" table\nSQL: SELECT job_title, AVG(salary) as avg_salary FROM hr_data GROUP BY job_title;\nExplanation: This query finds the average salary and job title for employees by grouping the data by job_title and calculating the average salary for each group.\nSimilarity Score: 0.9822","SELECT * FROM employees WHERE salary > 15000 AND city = 'Pune';"
"2025-04-13 17:30:55","meta-llama/llama-4-scout-17b-16e-instruct","ACCEPTED","/*\nFetch those data of employees \nwhose salary is greater than 15,000 and \nthey live in Pune\n*/","Prompt: Find the names and positions of employees who earn more than the average salary?\n            SQL: SELECT name, position FROM employee_salaries WHERE salary > (SELECT avg_salary FROM avg_salary);\n            Explanation: This query first creates a view 'avg_salary' to store the average salary value. Then, it retrieves the names and positions of employees who earn more than the average salary by using a subquery to compare each employee's salary to the average salary stored in the 'avg_salary' view.\n            Similarity Score: 0.9319\n\nPrompt: Update the salary of all employees in the 'IT' department to 90000 in the ""Employees"" table.\n            SQL: UPDATE Employees SET salary = 90000.0 WHERE department = 'IT';\n            Explanation: This query updates the salary of all employees in the 'IT' department to 90000 in the Employees table. It uses the UPDATE statement with the WHERE clause to filter the records to be updated based on the department column. It sets the salary column to 90000.0 for all records that match the filter criteria.\n            Similarity Score: 0.9678\n\nPrompt: Get the names and salaries of all employees who earn more than the average salary\n            SQL: SELECT name, salary FROM employees WHERE salary > (SELECT AVG(salary) FROM employees);\n            Explanation: This SQL query retrieves the names and salaries of all employees who earn more than the average salary by selecting the name and salary columns for all records where the salary is greater than the average salary.\n            Similarity Score: 0.9679\n\nPrompt: Get the names and salaries of workers earning more than the average salary\n            SQL: SELECT name, salary FROM workers WHERE salary > (SELECT AVG(salary) FROM workers);\n            Explanation: This SQL query retrieves the names and salaries of workers earning more than the average salary. It first calculates the average salary for all workers, and then filters the 'workers' table for records with a salary greater than this average.\n            Similarity Score: 0.9699\n\nPrompt: Find the average salary and job title for employees in the ""hr_data"" table\n            SQL: SELECT job_title, AVG(salary) as avg_salary FROM hr_data GROUP BY job_title;\n            Explanation: This query finds the average salary and job title for employees by grouping the data by job_title and calculating the average salary for each group.\n            Similarity Score: 0.9822","SELECT * FROM employees WHERE salary > 15000 AND city = 'Pune';"
"2025-04-13 17:31:56","meta-llama/llama-4-scout-17b-16e-instruct","ACCEPTED","/*\nFetch those data of employees \nwhose salary is greater than 15,000 and \nthey live in Pune but have DOB in January\n*/","Prompt: Find the names and positions of employees who earn more than the average salary?\n            SQL: SELECT name, position FROM employee_salaries WHERE salary > (SELECT avg_salary FROM avg_salary);\n            Explanation: This query first creates a view 'avg_salary' to store the average salary value. Then, it retrieves the names and positions of employees who earn more than the average salary by using a subquery to compare each employee's salary to the average salary stored in the 'avg_salary' view.\n            Similarity Score: 1.0362\n\nPrompt: Add a new row to the 'digital_divide_stats' table with the following data: 'Rural India', 'Limited internet access', '2022-01-01'\n            SQL: INSERT INTO digital_divide_stats (region, issue, last_update) VALUES ('Rural India', 'Limited internet access', '2022-01-01');\n            Explanation: This query inserts a new row into the 'digital_divide_stats' table with the given data.\n            Similarity Score: 1.0479\n\nPrompt: Find the average salary and job title for employees in the ""hr_data"" table\n            SQL: SELECT job_title, AVG(salary) as avg_salary FROM hr_data GROUP BY job_title;\n            Explanation: This query finds the average salary and job title for employees by grouping the data by job_title and calculating the average salary for each group.\n            Similarity Score: 1.0573\n\nPrompt: Get the names and salaries of all employees who earn more than the average salary\n            SQL: SELECT name, salary FROM employees WHERE salary > (SELECT AVG(salary) FROM employees);\n            Explanation: This SQL query retrieves the names and salaries of all employees who earn more than the average salary by selecting the name and salary columns for all records where the salary is greater than the average salary.\n            Similarity Score: 1.0575\n\nPrompt: Find the transaction dates and the total transaction amount for transactions made by customers residing in India.\n            SQL: SELECT tx_date, SUM(amount) as total_transaction_amount FROM transactions_4 WHERE country = 'India' GROUP BY tx_date;\n            Explanation: The SQL query filters the transactions_4 table for transactions made by customers residing in India and groups by transaction date. It then calculates the sum of the transaction amount for each transaction date, returning the transaction dates and total transaction amount for transactions made by customers residing in India.\n            Similarity Score: 1.0591","SELECT * \nFROM employees \nWHERE salary > 15000 \nAND city = 'Pune' \nAND MONTH(date_of_birth) = 1;"
"2025-04-13 17:32:49","meta-llama/llama-4-scout-17b-16e-instruct","ACCEPTED","/*\nFetch those data of employees \nwhose salary is greater than 15,000 and \nthey live in Pune but have DOB in January\n*/","Prompt: Find the names and positions of employees who earn more than the average salary?\n            SQL: SELECT name, position FROM employee_salaries WHERE salary > (SELECT avg_salary FROM avg_salary);\n            Explanation: This query first creates a view 'avg_salary' to store the average salary value. Then, it retrieves the names and positions of employees who earn more than the average salary by using a subquery to compare each employee's salary to the average salary stored in the 'avg_salary' view.\n            Similarity Score: 1.0362\n\nPrompt: Add a new row to the 'digital_divide_stats' table with the following data: 'Rural India', 'Limited internet access', '2022-01-01'\n            SQL: INSERT INTO digital_divide_stats (region, issue, last_update) VALUES ('Rural India', 'Limited internet access', '2022-01-01');\n            Explanation: This query inserts a new row into the 'digital_divide_stats' table with the given data.\n            Similarity Score: 1.0479\n\nPrompt: Find the average salary and job title for employees in the ""hr_data"" table\n            SQL: SELECT job_title, AVG(salary) as avg_salary FROM hr_data GROUP BY job_title;\n            Explanation: This query finds the average salary and job title for employees by grouping the data by job_title and calculating the average salary for each group.\n            Similarity Score: 1.0573\n\nPrompt: Get the names and salaries of all employees who earn more than the average salary\n            SQL: SELECT name, salary FROM employees WHERE salary > (SELECT AVG(salary) FROM employees);\n            Explanation: This SQL query retrieves the names and salaries of all employees who earn more than the average salary by selecting the name and salary columns for all records where the salary is greater than the average salary.\n            Similarity Score: 1.0575\n\nPrompt: Find the transaction dates and the total transaction amount for transactions made by customers residing in India.\n            SQL: SELECT tx_date, SUM(amount) as total_transaction_amount FROM transactions_4 WHERE country = 'India' GROUP BY tx_date;\n            Explanation: The SQL query filters the transactions_4 table for transactions made by customers residing in India and groups by transaction date. It then calculates the sum of the transaction amount for each transaction date, returning the transaction dates and total transaction amount for transactions made by customers residing in India.\n            Similarity Score: 1.0591","SELECT * \nFROM employees \nWHERE salary > 15000 \nAND city = 'Pune' \nAND MONTH(date_of_birth) = 1;"
